<?xml version="1.0" encoding="utf-8"?>
<!--/18762748/1527650/2.50/11/2/Connector/-->
<quadcept_library>
  <setting unit="mil" />
  <textstyle name="Default" height="47.244094488189" strokewidth="7.8740157480315" charwidth="47.244094488189" />
  <textstyle name="Dimension" height="19.6850393700787" strokewidth="0" charwidth="19.6850393700787" />
  <textstyle name="H127W0635TH00762" height="50" strokewidth="3" charwidth="25" />
  <textstyle name="H15W15TH02" height="59.0551181102362" strokewidth="7.8740157480315" charwidth="59.0551181102362" />
  <padstyle name="r135_40" surface="True" plated="False" isvia="False" nopaste="False" nomask="True" complex="False" holesize="0">
    <padshape layer="TOP" shape="rectangle" width="15.748031496063" height="53.149606299212" />
    <padshape layer="TOP_SOLDER_MASK" shape="rectangle" width="23.622047244094" height="61.023622047243" />
    <padshape layer="TOP_SOLDER_PASTE" shape="rectangle" width="15.748031496063" height="53.149606299212" />
  </padstyle>
  <padstyle name="r210_160" surface="True" plated="False" isvia="False" nopaste="False" nomask="True" complex="False" holesize="0">
    <padshape layer="TOP" shape="rectangle" width="62.992125984251" height="82.67716535433" />
    <padshape layer="TOP_SOLDER_MASK" shape="rectangle" width="70.866141732283" height="90.551181102361" />
    <padshape layer="TOP_SOLDER_PASTE" shape="rectangle" width="62.992125984251" height="82.67716535433" />
  </padstyle>
  <padstyle name="r190_180" surface="True" plated="False" isvia="False" nopaste="False" nomask="True" complex="False" holesize="0">
    <padshape layer="TOP" shape="rectangle" width="70.866141732283" height="74.803149606298" />
    <padshape layer="TOP_SOLDER_MASK" shape="rectangle" width="78.740157480314" height="82.67716535433" />
    <padshape layer="TOP_SOLDER_PASTE" shape="rectangle" width="70.866141732283" height="74.803149606298" />
  </padstyle>
  <padstyle name="r190_190" surface="True" plated="False" isvia="False" nopaste="False" nomask="True" complex="False" holesize="0">
    <padshape layer="TOP" shape="rectangle" width="74.803149606298" height="74.803149606298" />
    <padshape layer="TOP_SOLDER_MASK" shape="rectangle" width="82.67716535433" height="82.67716535433" />
    <padshape layer="TOP_SOLDER_PASTE" shape="rectangle" width="74.803149606298" height="74.803149606298" />
  </padstyle>
  <footprint name="101181920001LF" originx="0" originy="0" pickpointx="0" pickpointy="0">
    <pcbpin number="1" name="1" style="r135_40" originx="-51.181102362204" originy="91.929133858267" rotation="0" />
    <pcbpin number="2" name="2" style="r135_40" originx="-25.590551181102" originy="91.929133858267" rotation="0" />
    <pcbpin number="3" name="3" style="r135_40" originx="0" originy="91.929133858267" rotation="0" />
    <pcbpin number="4" name="4" style="r135_40" originx="25.590551181102" originy="91.929133858267" rotation="0" />
    <pcbpin number="5" name="5" style="r135_40" originx="51.181102362204" originy="91.929133858267" rotation="0" />
    <pcbpin number="6" name="MP1" style="r210_160" originx="-122.04724409449" originy="87.007874015747" rotation="90" />
    <pcbpin number="7" name="MP2" style="r210_160" originx="122.04724409449" originy="87.007874015747" rotation="90" />
    <pcbpin number="8" name="MP3" style="r190_180" originx="-149.6062992126" originy="-13.385826771653" rotation="0" />
    <pcbpin number="9" name="MP4" style="r190_190" originx="-47.244094488188" originy="-13.385826771653" rotation="0" />
    <pcbpin number="10" name="MP5" style="r190_190" originx="47.244094488188" originy="-13.385826771653" rotation="0" />
    <pcbpin number="11" name="MP6" style="r190_180" originx="149.6062992126" originy="-13.385826771653" rotation="0" />
    <line layer="TOP_ASSEMBLY" originx="-147.63779527559" originy="100.7874015748" endx="147.63779527559" endy="100.7874015748" width="3.9370078740157" />
    <line layer="TOP_ASSEMBLY" originx="147.63779527559" originy="100.7874015748" endx="147.63779527559" endy="-98.031496062991" width="3.9370078740157" />
    <line layer="TOP_ASSEMBLY" originx="147.63779527559" originy="-98.031496062991" endx="-147.63779527559" endy="-98.031496062991" width="3.9370078740157" />
    <line layer="TOP_ASSEMBLY" originx="-147.63779527559" originy="-98.031496062991" endx="-147.63779527559" endy="100.7874015748" width="3.9370078740157" />
    <line layer="TOP_PLACE_BOUND" originx="-224.40944881889" originy="157.87401574803" endx="224.40944881889" endy="157.87401574803" width="3.9370078740157" />
    <line layer="TOP_PLACE_BOUND" originx="224.40944881889" originy="157.87401574803" endx="224.40944881889" endy="-157.87401574803" width="3.9370078740157" />
    <line layer="TOP_PLACE_BOUND" originx="224.40944881889" originy="-157.87401574803" endx="-224.40944881889" endy="-157.87401574803" width="3.9370078740157" />
    <line layer="TOP_PLACE_BOUND" originx="-224.40944881889" originy="-157.87401574803" endx="-224.40944881889" endy="157.87401574803" width="3.9370078740157" />
    <line layer="TOP_ASSEMBLY" originx="147.63779527559" originy="-98.031496062991" endx="154.72440944882" endy="-118.50393700787" width="3.9370078740157" />
    <line layer="TOP_ASSEMBLY" originx="154.72440944882" originy="-118.50393700787" endx="141.73228346457" endy="-118.50393700787" width="3.9370078740157" />
    <line layer="TOP_ASSEMBLY" originx="141.73228346457" originy="-118.50393700787" endx="133.85826771653" endy="-98.031496062991" width="3.9370078740157" />
    <line layer="TOP_ASSEMBLY" originx="-147.63779527559" originy="-98.031496062991" endx="-154.72440944882" endy="-118.50393700787" width="3.9370078740157" />
    <line layer="TOP_ASSEMBLY" originx="-154.72440944882" originy="-118.50393700787" endx="-141.73228346457" endy="-118.50393700787" width="3.9370078740157" />
    <line layer="TOP_ASSEMBLY" originx="-141.73228346457" originy="-118.50393700787" endx="-133.85826771653" endy="-98.031496062991" width="3.9370078740157" />
    <line layer="TOP_SILKSCREEN" originx="-51.181102362204" originy="141.73228346457" endx="-51.181102362204" endy="141.73228346457" width="3.9370078740157" />
    <arc layer="TOP_SILKSCREEN" originx="-51.181102362204" originy="139.76377952756" startangle="90.0" sweepangle="180.0" radius="1.9685039370079" width="3.9370078740157" />
    <line layer="TOP_SILKSCREEN" originx="-51.181102362204" originy="137.79527559055" endx="-51.181102362204" endy="137.79527559055" width="3.9370078740157" />
    <arc layer="TOP_SILKSCREEN" originx="-51.181102362204" originy="139.76377952756" startangle="-90.0" sweepangle="180.0" radius="1.9685039370079" width="3.9370078740157" />
    <line layer="TOP_SILKSCREEN" originx="-147.63779527559" originy="-62.992125984251" endx="-147.63779527559" endy="-98.031496062991" width="7.8740157480314" />
    <line layer="TOP_SILKSCREEN" originx="-147.63779527559" originy="-98.031496062991" endx="147.63779527559" endy="-98.031496062991" width="7.8740157480314" />
    <line layer="TOP_SILKSCREEN" originx="147.63779527559" originy="-98.031496062991" endx="147.63779527559" endy="-62.992125984251" width="7.8740157480314" />
    <line layer="TOP_SILKSCREEN" originx="147.63779527559" originy="-98.031496062991" endx="154.72440944882" endy="-118.50393700787" width="7.8740157480314" />
    <line layer="TOP_SILKSCREEN" originx="154.72440944882" originy="-118.50393700787" endx="141.73228346457" endy="-118.50393700787" width="7.8740157480314" />
    <line layer="TOP_SILKSCREEN" originx="141.73228346457" originy="-118.50393700787" endx="133.85826771653" endy="-98.031496062991" width="7.8740157480314" />
    <line layer="TOP_SILKSCREEN" originx="-147.63779527559" originy="-98.031496062991" endx="-154.72440944882" endy="-118.11023622047" width="7.8740157480314" />
    <line layer="TOP_SILKSCREEN" originx="-154.72440944882" originy="-118.11023622047" endx="-141.73228346457" endy="-118.50393700787" width="7.8740157480314" />
    <line layer="TOP_SILKSCREEN" originx="-141.73228346457" originy="-118.50393700787" endx="-133.85826771653" endy="-98.031496062991" width="7.8740157480314" />
  </footprint>
  <symbol name="10118192-0001LF" originx="0" originy="0">
    <line originx="200" originy="100" endx="800" endy="100" width="0" />
    <line originx="800" originy="-600" endx="800" endy="100" width="0" />
    <line originx="800" originy="-600" endx="200" endy="-600" width="0" />
    <line originx="200" originy="100" endx="200" endy="-600" width="0" />
    <sympin number="1" originx="200" originy="0" rotation="180" length="100" width="7.8740157480315" flipped="False">
      <text name="pinname" originx="230" originy="0" style="Default" rotation="0" justify="left" flipped="False" hidden="False" data="1" />
      <text name="pindes" originx="140" originy="20" style="Default" rotation="0" justify="lowerright" flipped="False" hidden="False" data="1" />
    </sympin>
    <sympin number="2" originx="200" originy="-100" rotation="180" length="100" width="7.8740157480315" flipped="False">
      <text name="pinname" originx="230" originy="-100" style="Default" rotation="0" justify="left" flipped="False" hidden="False" data="2" />
      <text name="pindes" originx="140" originy="-80" style="Default" rotation="0" justify="lowerright" flipped="False" hidden="False" data="2" />
    </sympin>
    <sympin number="3" originx="200" originy="-200" rotation="180" length="100" width="7.8740157480315" flipped="False">
      <text name="pinname" originx="230" originy="-200" style="Default" rotation="0" justify="left" flipped="False" hidden="False" data="3" />
      <text name="pindes" originx="140" originy="-180" style="Default" rotation="0" justify="lowerright" flipped="False" hidden="False" data="3" />
    </sympin>
    <sympin number="4" originx="200" originy="-300" rotation="180" length="100" width="7.8740157480315" flipped="False">
      <text name="pinname" originx="230" originy="-300" style="Default" rotation="0" justify="left" flipped="False" hidden="False" data="4" />
      <text name="pindes" originx="140" originy="-280" style="Default" rotation="0" justify="lowerright" flipped="False" hidden="False" data="4" />
    </sympin>
    <sympin number="5" originx="200" originy="-400" rotation="180" length="100" width="7.8740157480315" flipped="False">
      <text name="pinname" originx="230" originy="-400" style="Default" rotation="0" justify="left" flipped="False" hidden="False" data="5" />
      <text name="pindes" originx="140" originy="-380" style="Default" rotation="0" justify="lowerright" flipped="False" hidden="False" data="5" />
    </sympin>
    <sympin number="6" originx="200" originy="-500" rotation="180" length="100" width="7.8740157480315" flipped="False">
      <text name="pinname" originx="230" originy="-500" style="Default" rotation="0" justify="left" flipped="False" hidden="False" data="MP1" />
      <text name="pindes" originx="140" originy="-480" style="Default" rotation="0" justify="lowerright" flipped="False" hidden="False" data="MP1" />
    </sympin>
    <sympin number="7" originx="800" originy="0" rotation="0" length="100" width="7.8740157480315" flipped="False">
      <text name="pinname" originx="770" originy="0" style="Default" rotation="0" justify="right" flipped="False" hidden="False" data="MP2" />
      <text name="pindes" originx="860" originy="20" style="Default" rotation="0" justify="lowerleft" flipped="False" hidden="False" data="MP2" />
    </sympin>
    <sympin number="8" originx="800" originy="-100" rotation="0" length="100" width="7.8740157480315" flipped="False">
      <text name="pinname" originx="770" originy="-100" style="Default" rotation="0" justify="right" flipped="False" hidden="False" data="MP3" />
      <text name="pindes" originx="860" originy="-80" style="Default" rotation="0" justify="lowerleft" flipped="False" hidden="False" data="MP3" />
    </sympin>
    <sympin number="9" originx="800" originy="-200" rotation="0" length="100" width="7.8740157480315" flipped="False">
      <text name="pinname" originx="770" originy="-200" style="Default" rotation="0" justify="right" flipped="False" hidden="False" data="MP4" />
      <text name="pindes" originx="860" originy="-180" style="Default" rotation="0" justify="lowerleft" flipped="False" hidden="False" data="MP4" />
    </sympin>
    <sympin number="10" originx="800" originy="-300" rotation="0" length="100" width="7.8740157480315" flipped="False">
      <text name="pinname" originx="770" originy="-300" style="Default" rotation="0" justify="right" flipped="False" hidden="False" data="MP5" />
      <text name="pindes" originx="860" originy="-280" style="Default" rotation="0" justify="lowerleft" flipped="False" hidden="False" data="MP5" />
    </sympin>
    <sympin number="11" originx="800" originy="-400" rotation="0" length="100" width="7.8740157480315" flipped="False">
      <text name="pinname" originx="770" originy="-400" style="Default" rotation="0" justify="right" flipped="False" hidden="False" data="MP6" />
      <text name="pindes" originx="860" originy="-380" style="Default" rotation="0" justify="lowerleft" flipped="False" hidden="False" data="MP6" />
    </sympin>
  </symbol>
  <component name="10118192-0001LF" designatorprefix="J" height="120.07874015748" footprint="101181920001LF">
    <comppin designator="1" sympin="1" pinswap="0" gateswap="0" gate="1" group="1" side="" type="Any" name="1" />
    <comppin designator="2" sympin="2" pinswap="0" gateswap="0" gate="1" group="1" side="" type="Any" name="2" />
    <comppin designator="3" sympin="3" pinswap="0" gateswap="0" gate="1" group="1" side="" type="Any" name="3" />
    <comppin designator="4" sympin="4" pinswap="0" gateswap="0" gate="1" group="1" side="" type="Any" name="4" />
    <comppin designator="5" sympin="5" pinswap="0" gateswap="0" gate="1" group="1" side="" type="Any" name="5" />
    <comppin designator="MP1" sympin="6" pinswap="0" gateswap="0" gate="1" group="1" side="" type="Any" name="MP1" />
    <comppin designator="MP2" sympin="7" pinswap="0" gateswap="0" gate="1" group="1" side="" type="Any" name="MP2" />
    <comppin designator="MP3" sympin="8" pinswap="0" gateswap="0" gate="1" group="1" side="" type="Any" name="MP3" />
    <comppin designator="MP4" sympin="9" pinswap="0" gateswap="0" gate="1" group="1" side="" type="Any" name="MP4" />
    <comppin designator="MP5" sympin="10" pinswap="0" gateswap="0" gate="1" group="1" side="" type="Any" name="MP5" />
    <comppin designator="MP6" sympin="11" pinswap="0" gateswap="0" gate="1" group="1" side="" type="Any" name="MP6" />
    <attached_symbol gate="1" name="10118192-0001LF" />
    <pinmap designator="1" footprintpin="1" />
    <pinmap designator="2" footprintpin="2" />
    <pinmap designator="3" footprintpin="3" />
    <pinmap designator="4" footprintpin="4" />
    <pinmap designator="5" footprintpin="5" />
    <pinmap designator="MP1" footprintpin="6" />
    <pinmap designator="MP2" footprintpin="7" />
    <pinmap designator="MP3" footprintpin="8" />
    <pinmap designator="MP4" footprintpin="9" />
    <pinmap designator="MP5" footprintpin="10" />
    <pinmap designator="MP6" footprintpin="11" />
    <text name="Datasheet" originx="0" originy="0" style="Default" rotation="0" justify="" flipped="False" hidden="True" data="https://cdn.amphenol-cs.com/media/wysiwyg/files/drawing/10118192.pdf" />
    <text name="Description" originx="0" originy="0" style="Default" rotation="0" justify="" flipped="False" hidden="True" data="Micro USB, Input Output Connectors, B TYPE RECEPTACLE with flange" />
    <text name="Manufacturer_Name" originx="0" originy="0" style="Default" rotation="0" justify="" flipped="False" hidden="True" data="Amphenol Communications Solutions" />
    <text name="Manufacturer_Part_Number" originx="850" originy="200" style="Default" rotation="0" justify="left" flipped="False" hidden="False" data="10118192-0001LF" />
    <text name="Mouser Part Number" originx="0" originy="0" style="Default" rotation="0" justify="" flipped="False" hidden="True" data="" />
    <text name="Mouser Price/Stock" originx="0" originy="0" style="Default" rotation="0" justify="" flipped="False" hidden="True" data="" />
    <text name="Arrow Part Number" originx="0" originy="0" style="Default" rotation="0" justify="" flipped="False" hidden="True" data="10118192-0001LF" />
    <text name="Arrow Price/Stock" originx="0" originy="0" style="Default" rotation="0" justify="" flipped="False" hidden="True" data="https://www.arrow.com/en/products/10118192-0001lf/amphenol-fci?region=nac" />
  </component>
</quadcept_library>
