<?xml version="1.0" encoding="utf-8"?>
<!--/14691750/1527650/2.50/2/4/Resistor/-->
<quadcept_library>
  <setting unit="mil" />
  <textstyle name="Default" height="47.244094488189" strokewidth="7.8740157480315" charwidth="47.244094488189" />
  <textstyle name="Dimension" height="19.6850393700787" strokewidth="0" charwidth="19.6850393700787" />
  <textstyle name="H127W0635TH00762" height="50" strokewidth="3" charwidth="25" />
  <textstyle name="H15W15TH02" height="59.0551181102362" strokewidth="7.8740157480315" charwidth="59.0551181102362" />
  <padstyle name="c150_h100" surface="False" plated="True" isvia="False" nopaste="True" nomask="True" complex="False" holesize="39.370078740157">
    <padshape layer="TOP" shape="round" width="59.055118110235" height="59.055118110235" />
    <padshape layer="TOP_SOLDER_MASK" shape="round" width="66.929133858267" height="66.929133858267" />
    <padshape layer="INNER" shape="round" width="59.055118110235" height="59.055118110235" />
    <padshape layer="BOTTOM" shape="round" width="59.055118110235" height="59.055118110235" />
    <padshape layer="BOTTOM_SOLDER_MASK" shape="round" width="66.929133858267" height="66.929133858267" />
  </padstyle>
  <footprint name="5WD27" originx="0" originy="0" pickpointx="0" pickpointy="0">
    <pcbpin number="1" name="1" style="c150_h100" originx="0" originy="0" rotation="90" />
    <pcbpin number="2" name="2" style="c150_h100" originx="2385.8267716535" originy="0" rotation="90" />
    <line layer="TOP_ASSEMBLY" originx="759.84251968503" originy="189.96062992126" endx="1625.9842519685" endy="189.96062992126" width="3.9370078740157" />
    <line layer="TOP_ASSEMBLY" originx="1625.9842519685" originy="189.96062992126" endx="1625.9842519685" endy="-189.96062992126" width="3.9370078740157" />
    <line layer="TOP_ASSEMBLY" originx="1625.9842519685" originy="-189.96062992126" endx="759.84251968503" endy="-189.96062992126" width="3.9370078740157" />
    <line layer="TOP_ASSEMBLY" originx="759.84251968503" originy="-189.96062992126" endx="759.84251968503" endy="189.96062992126" width="3.9370078740157" />
    <line layer="TOP_SILKSCREEN" originx="759.84251968503" originy="189.96062992126" endx="1625.9842519685" endy="189.96062992126" width="7.8740157480314" />
    <line layer="TOP_SILKSCREEN" originx="1625.9842519685" originy="189.96062992126" endx="1625.9842519685" endy="-189.96062992126" width="7.8740157480314" />
    <line layer="TOP_SILKSCREEN" originx="1625.9842519685" originy="-189.96062992126" endx="759.84251968503" endy="-189.96062992126" width="7.8740157480314" />
    <line layer="TOP_SILKSCREEN" originx="759.84251968503" originy="-189.96062992126" endx="759.84251968503" endy="189.96062992126" width="7.8740157480314" />
    <line layer="TOP_PLACE_BOUND" originx="-68.897637795275" originy="229.33070866141" endx="2454.7244094488" endy="229.33070866141" width="3.9370078740157" />
    <line layer="TOP_PLACE_BOUND" originx="2454.7244094488" originy="229.33070866141" endx="2454.7244094488" endy="-229.33070866141" width="3.9370078740157" />
    <line layer="TOP_PLACE_BOUND" originx="2454.7244094488" originy="-229.33070866141" endx="-68.897637795275" endy="-229.33070866141" width="3.9370078740157" />
    <line layer="TOP_PLACE_BOUND" originx="-68.897637795275" originy="-229.33070866141" endx="-68.897637795275" endy="229.33070866141" width="3.9370078740157" />
    <line layer="TOP_ASSEMBLY" originx="0" originy="0" endx="759.84251968503" endy="0" width="3.9370078740157" />
    <line layer="TOP_ASSEMBLY" originx="2385.8267716535" originy="0" endx="1625.9842519685" endy="0" width="3.9370078740157" />
  </footprint>
  <symbol name="5WD27" originx="0" originy="0">
    <line originx="200" originy="50" endx="500" endy="50" width="0" />
    <line originx="500" originy="-50" endx="500" endy="50" width="0" />
    <line originx="500" originy="-50" endx="200" endy="-50" width="0" />
    <line originx="200" originy="50" endx="200" endy="-50" width="0" />
    <sympin number="1" originx="200" originy="0" rotation="180" length="100" width="7.8740157480315" flipped="False">
      <text name="pinname" originx="0" originy="-10" style="Default" rotation="0" justify="upperleft" flipped="False" hidden="True" data="1" />
      <text name="pindes" originx="0" originy="10" style="Default" rotation="0" justify="lowerleft" flipped="False" hidden="False" data="1" />
    </sympin>
    <sympin number="2" originx="500" originy="0" rotation="0" length="100" width="7.8740157480315" flipped="False">
      <text name="pinname" originx="700" originy="-10" style="Default" rotation="0" justify="upperright" flipped="False" hidden="True" data="2" />
      <text name="pindes" originx="700" originy="10" style="Default" rotation="0" justify="lowerright" flipped="False" hidden="False" data="2" />
    </sympin>
  </symbol>
  <component name="5WD27" designatorprefix="R" height="379.92125984252" footprint="5WD27">
    <comppin designator="1" sympin="1" pinswap="0" gateswap="0" gate="1" group="1" side="" type="Any" name="1" />
    <comppin designator="2" sympin="2" pinswap="0" gateswap="0" gate="1" group="1" side="" type="Any" name="2" />
    <attached_symbol gate="1" name="5WD27" />
    <pinmap designator="1" footprintpin="1" />
    <pinmap designator="2" footprintpin="2" />
    <text name="Datasheet" originx="0" originy="0" style="Default" rotation="0" justify="" flipped="False" hidden="True" data="https://www.alliedelec.com/m/d/55ca41a390b42cedd81af5a0508c0fba.pdf" />
    <text name="Description" originx="0" originy="0" style="Default" rotation="0" justify="" flipped="False" hidden="True" data="Res Wirewound 270 Ohm 5% 5W +/-300ppm/C Molded AXL" />
    <text name="Manufacturer_Name" originx="0" originy="0" style="Default" rotation="0" justify="" flipped="False" hidden="True" data="NTE ELECTRONICS" />
    <text name="Manufacturer_Part_Number" originx="550" originy="150" style="Default" rotation="0" justify="left" flipped="False" hidden="False" data="5WD27" />
    <text name="Mouser Part Number" originx="0" originy="0" style="Default" rotation="0" justify="" flipped="False" hidden="True" data="" />
    <text name="Mouser Price/Stock" originx="0" originy="0" style="Default" rotation="0" justify="" flipped="False" hidden="True" data="" />
    <text name="Arrow Part Number" originx="0" originy="0" style="Default" rotation="0" justify="" flipped="False" hidden="True" data="" />
    <text name="Arrow Price/Stock" originx="0" originy="0" style="Default" rotation="0" justify="" flipped="False" hidden="True" data="" />
  </component>
</quadcept_library>
